Newsletter Name,Website URL,Category,Collections,Description,Added Date
22nd Century Frontier¬Æ,https://www.22ndcenturyfrontier.com,Innovation,,Building or Investing in the Future? This Newsletter Is Your Edge,2025-09-24
6 'P's in AI Pods (AI6P),https://sixpeas.substack.com,AI & Machine Learning,SWAITest,"AI affects People & Places we care about, Products & Platforms we build & use, and Practices & Processes we use daily. Wondering how data & AI impact these 6 'P's, and how to use them ethically & wisely? The AI6P newsletter is for you! 100% human-written.",2025-09-22
A Bridge to AI,https://ab2ai.substack.com,AI & Machine Learning,Product People,Cutting through the AI noise with honest insights and practical guidance for navigating AI transformation in the workplace and the world shaping it.,2025-09-21
Actionable AI Weekly by Linkage Labs,https://actionableaiweekly.substack.com,AI & Machine Learning,,"Linkage Labs delivers weekly insights on making Artificial Intelligence (AI) accessible, actionable, and impactful to empower and accelerate your business growth.",2025-09-22
Actionable Notes,https://actionablenotes.substack.com,Personal Development,,"Think on paper & in your second brain, to find the way of life that suits you üçÄ Research journal of an introvert adjusting to ADHD & recovering from burnout.",2025-09-22
Adi‚Äôs Substack,https://adipolak.substack.com,AI & Machine Learning,,Thoughtfully curated and opinionated insights on AI,2025-09-22
Aggressively Human,https://aggressivelyhuman.substack.com,Business & Strategy,,"Running & marketing a business in the age of AI, algorithms & automations",2025-09-22
AI: A Guide for Thinking Humans,https://aiguide.substack.com,AI & Machine Learning,,I write about interesting new developments in AI.,2025-09-22
AI and the Human,https://professorgibson.substack.com,AI & Machine Learning,,"AI and the Human bridges the gap between cutting-edge AI and practical, human-centered application. Each newsletter aims to help you understand, navigate, and flourish in an AI world.",2025-09-22
AI + Art,https://aiplusart.substack.com,AI & Machine Learning,,"Art columnist Julia Morton talks with pioneering artists and designers who create/collaborate with emerging technologies. I want to understand how these tools are affecting imagination, curiosity, and problem solving.",2025-09-22
AI.Articulated,https://aiarticulated.substack.com,AI & Machine Learning,,"a place to learn about AI's impact through casual conversations- those with founders, those overheard, and the way in which AI products speak to us.",2025-09-22
AI as a Design Partner,https://aidesignpartner.substack.com,Design,,Leveraging AI for design ops,2025-09-22
AI blew my mind,https://aiblewmymind.substack.com,AI & Machine Learning,"Product People, AI for Real Life","Learn how to turn AI into your unfair advantage with tested tools, practical prompts, and workflows you can apply today.",2025-09-21
AI Brews,https://aibrews.substack.com,AI & Machine Learning,,Weekly AI roundup for founders and builders.,2025-09-22
AI Briefing Room,https://pravitech.substack.com,AI & Machine Learning,,"AI Briefing Room examines AI risk as a systemic challenge, not just a technical flaw. Whether you're building AI or relying on it, this blog offers practical tools and real-world insights to help prevent failures before they become enterprise-wide problem",2025-09-22
"AI, But Make It Intimate",https://aibutintimate.substack.com,AI & Machine Learning,,"The emotional, practical, and technical side of AI companionship",2025-09-22
AI Can Do That? üîç,https://betteconnects.substack.com,AI & Machine Learning,,"For curious humans who want to actually use AI and not just talk about it.
Real experiments, unexpected use cases, and zero tolerance for hype.
Come for the tools, stay for the weird.",2025-09-22
AI Cinema By Elettra Fiumi,https://aicinema.substack.com,AI & Machine Learning,,AI Filmmaker & Educator,2025-09-22
AI Coffee Break with Letitia,https://aicoffeebreakwl.substack.com,AI & Machine Learning,,Letitia Parcalabescu,2025-09-22
AI Community Learning Program,https://aicommunitylearningprogram.substack.com,AI & Machine Learning,,"Join a trusted AI learning community with members from Microsoft, Google, Meta, Amazon, and top AI startups. Sign up for exclusive insights and events to redefine work and learning with a global, hands-on community powered by Microsoft Teams!",2025-09-22
AI Confessions by Lena Shakurova,https://lenashakurova.substack.com,AI & Machine Learning,,"First-hand Conversational AI lessons from global clients. Every week, I share first-hand insights from real Conversational AI projects, what‚Äôs working, what‚Äôs not, and the tools shaping the industry. Subscribe for free.",2025-09-22
AI Conscious,https://aiconscious.substack.com,AI & Machine Learning,,"Experimenting, reflecting, exploring how we can better understand human experience through AI technologies and questions important to our humanness to live into.",2025-09-22
"AI, Data, Digital Twins, and Information",https://halanelson.substack.com,AI & Machine Learning,,"An honest career story, and short letters simplifying AI, digital twins, data strategy, and the modeling, mathematics, and engineering skills for the AI and data driven industries. Life and culture lessons that I learned the hard way üòâ.",2025-09-22
AI & Data Protection Digest,https://gretabujute.substack.com,AI & Machine Learning,,Data protection. AI regulation and governance.,2025-09-22
AI & Entrepreneurship,https://aysekubrakuyucu.substack.com,AI & Machine Learning,,"Data science, Python, LLMs, and a Startup story. Get your FREE Data Science e-book after subscribing.",2025-09-22
AI + Eyre,https://ellisandeyre.substack.com,AI & Machine Learning,,"Notes on language, craft, AI, and strategy from Erin Lyons at Ellis + Eyre LLC. www.ellisandeyre.com",2025-09-22
AI for Families‚Ñ¢,https://www.aiforfamilies.com,AI & Machine Learning,,"AI for Families‚Ñ¢ equips parents, guardians and caregivers with essential AI guidance and digital parenting strategies. Get actionable tips, checklists, and ethical frameworks for navigating AI technologies.",2025-09-22
AI For Humanity,https://aihumanity.substack.com,AI & Machine Learning,Product People,"AI For Humanity is about knowing yourself with AI ‚Äî because reflection, not speed, is the real advantage.",2025-09-21
AI For Lawyers,https://aiforlawyers.substack.com,AI & Machine Learning,,"This site is for lawyers, and anyone interested in the intersection of AI and law. AI For Lawyers is a publication for the intelligent discussion of Artificial Intelligence.",2025-09-22
AI for personal growth,https://aiforpersonalgrowth.substack.com,Personal Development,,"How AI can enhance your mental health and personal development. Rooted in 4D health principles (physical, emotional, spiritual, and intellectual), this series helps you find innovative ways to achieve balance, resilience, and rapid personal growth.",2025-09-22
,,,,This blog / newsletters explores ways to use AI for sustainability.,2025-09-22
,,,,"Sharing real-world AI discoveries & 'wow' moments! From convincing people to 'get online' in the 90s to exploring AI today - let's make tech approachable, practical & maybe even fun! üòä",2025-09-22
,,,,"Welcome to AI & Data Chronicles! Here, we dive deep into the cutting-edge world of Artificial Intelligence and Data Science. Whether you're a seasoned professional, a tech enthusiast, or just curious about the latest in AI and data, this is place for you.",2025-09-22
,,,,Charting impacts of AI technologies on art and design and imagining new futures.,2025-09-22
,,,,Unlock the power of AI for work and study,2025-09-22
,,,,"üá¨üáß EN: Insights on international AI policy, multilateral cooperation, and the evolving landscape of AI governance. | üá´üá∑ FR : Informations sur la politique internationale en mati√®re d'IA, coop√©ration multilat√©rale et gouvernance de l'IA.",2025-09-22
,,,,"Making AI policy and regulation accessible by  explaining complex systems, frameworks, and risks in clear, human terms. Our mission: help 1 million people understand AI governance, because ethical AI isn‚Äôt a privilege. It‚Äôs a right.",2025-09-22
,,,,Teaching agency owners and marketers how to use AI for business https://saveourstartup.co.uk,2025-09-22
,,,,"Asia‚Äôs AI revolution‚Äîcovered like nowhere else. Your weekly breakdown of AI‚Äôs biggest updates, trends, and startups in Asia.",2025-09-22
,,,,Ogni settimana condivido cose utili sull'uso dell'Intelligenza Artificiale in azienda - non sono un'informatica ma una Pioniera (early user),2025-09-22
,,,,"Reporting, analysis, and original commentary on China‚Äôs AI ecosystem.",2025-09-22
,,,,"I grew up in the 1980s, but it's time to get over my fear of AI and join the 21st Century.",2025-09-22
,,,,"I share the latest insights, practical tips, and powerful tools to help you adopt and leverage AI in your HR strategies - ONE actionable piece of advice every week!",2025-09-22
,,,,"AI marketing strategies for small businesses and entrepreneurs. You'll find simple steps to add AI into your marketing strategies: Social media, newsletters, and website.",2025-09-22
,,,,Rooting for the underdog. I want small teams to do big things and win. Join me in replacing AI overwhelm with AI advantage - https://www.aimarketingmasters.com/,2025-09-22
,,,,"Meld je aan voor praktische AI-tips voor niet-techneuten, recht uit de praktijk! üí° Schrijf je in en ontvang mijn gratis e-book ""AI & chatbots begrijpen"" direct in je mailbox. üíå",2025-09-22
,,,,"On a mission to help 1M people build with AI.
Sharing free hands-on tutorials, tools and mindset tips that keep you moving.
Low-code & full-stack.",2025-09-22
,,,,"Delivering the latest AI breakthroughs and thought leadership, designed for curious and bold minds",2025-09-22
,,,,AI wizardry simplified with a human touch.,2025-09-22
,,,,"AI Outsourcing Hub is a Substack about how AI transforms outsourcing. We provide insights on trends, tools, and strategies for integrating AI into outsourcing models, helping businesses enhance efficiency and drive innovation.",2025-09-22
,,,,A page for parents guiding their kids through the age of AI,2025-09-22
,,,,"Welcome to AI Parenting Companion! Here, I explore the innovative intersection of technology and parenting. My focus is on harnessing the power of artificial intelligence to support, enhance, and simplify the parenting journey.",2025-09-22
,,,,"Welcome to AI Pioneers at Work, a newsletter for technical leaders building AI products in the enterprise.",2025-09-22
,,,,Stop watching. Start creating. Get paid,2025-09-22
,,,,"AI Product Focus explores the intersection of artificial intelligence, product strategy, and product management offering actionable insights for product leaders, CPOs, and business stakeholders shaping the future of AI-driven product innovation.",2025-09-22
,,,,"AI Proem provides reports and analyses on the monetization strategies of big tech AI, new use-cases of AI, and China's AI developments.",2025-09-22
,,,,AI News and Reviews Plus Analysis,2025-09-22
,,,,"AI moves fast, so do kids. Let‚Äôs keep up together. 
Weekly insights, thoughtful reflection, and practical parenting tips for raising kids in a digital, AI-powered world.
A new kind of PTO, where parents, tech, and opportunity meet.",2025-09-22
,,,,"Where women entrepreneurs transform from AI-curious to absolute queens. üëë Subscribe for bite-sized prompts that save hours, tech tips without the mansplaining, and a community that's rewriting the rules of tech, on our terms.",2025-09-22
,,,,"Honest,  data-driven dialogue about AI.",2025-09-22
,,,,Venture Capital & Startups News,2025-09-22
,,,,"AI@Scale digs into the real, messy, practical stuff that happens when enterprises try to level up their people while going all-in on AI. Weekly insights on what actually works (and what doesn't) when you're scaling AI transformation in the real world.",2025-09-22
,,,,"Behind-the-scenes musings, links, and leftovers from a Fortune reporter on the AI beat",2025-09-22
,,,,"AI Simplified explores the inner workings of LLMs, AI reliability, and research in a simple easy to understand way. It‚Äôs your go-to resource for understanding AI‚Äôs capabilities, challenges, and future. Stay informed, and stay curious!",2025-09-22
,,,,AI Simplified for B2B Business,2025-09-22
,,,,"A newsletter on AI insights for business leaders, board members, and investors. Get concise, actionable tools and news to elevate your strategy and decision-making.",2025-09-22
,,,,"AI Snippets is a weekly collection of snippets from AI insights, trends, resources, links to awesome repos/guides, FREEbies, and other awesome stuff.",2025-09-22
,,,,"Will AI dream at night? Explore the crossroads between AI, law, society and ethics.",2025-09-22
,,,,"""AI Spark is your weekly guide to the latest advancements in artificial intelligence. Discover cutting-edge AI trends, tools, and news curated to keep you informed and inspired. Join us on this exciting journey into the future of AI!",2025-09-22
,,,,"I share a broad range of insights about AI, encompassing scientific discoveries, the latest technology, philosophical explorations, ethical & sustainability considerations as well as surprising and entertaining aspects. Enjoy the read!",2025-09-21
,,,,"Speaking about AI/ML to meteorologists and about weather forecasting to ML engineers. Discussing large AI weather models, presenting the novelties and explaining the unknowns.",2025-09-22
,,,,"I write AI tutorials you can actually build and ship, from 6 years building ML systems in Silicon Valley FinTechs",2025-09-22
,,,,Senior AI Advisor-MSFT | LinkedIn Top Voice | Author- What's Your Worth? | Responsible AI Advisor | Angel Investor,2025-09-22
,,,,"Stay ahead of the curve with our newsletter, your go-to source for the latest news, trends, and insights in Artificial Intelligence. Keep your hand on the pulse of rapidly evolving AI landscape and Stay informed and inspired.",2025-09-22
,,,,"Welcome to AI Insights, a monthly newsletter for AI leaders. Subscribe now to learn more about what's going on in the AI world, and let me know what you want to hear about!",2025-09-22
,,,,"Sharp takes on AI governance, career strategy, and navigating systems that weren‚Äôt built for you.",2025-09-22
,,,,"Actionable insights and strategies on Financial Markets, Quantitative Finance, FinTech and Machine Learning‚Äîbacked by data and research.",2025-09-22
,,,,"I‚Äôm Dr. Allison Timbs, the creator of BALLERINA, a symbolic cognition architecture. I built this Substack to document her development, share the research, and explore what structured AI reasoning looks like in practice.",2025-09-22
,,,,"A substack about finding the magic with AI tools and real examples of useful AI features. 

The views in this Substack are all my own.",2025-09-21
,,,,the b sides,2025-09-22
,,,,"exploring how humans design, interact with, and imagine complex systems - from products to possible futures. all opinions my own.",2025-09-22
,,,,Anecdotal Value,2025-09-22
,,,,"Daily insights on making AI accessible for all through real-world, actionable strategies.",2025-09-22
,,,,Strategic foresight for leaders who think ahead.,2025-09-22
,,,,"AI, writing, and pedagogy",2025-09-22
,,,,"Exploring human‚ÄìAI resonance, cognitive design & storytelling. KSODI-method: grown from real dialogues, lived teaching, writing, philosophy & >10,000 trained. Experiments, reflections, teaching via/with AI.",2025-09-22
,,,,"Exploring AI through experimentation and current affairs‚Äîand questioning what it means for how we think, understand, and evolve.",2025-09-22
,,,,"Musings on teaching, writing, and thinking with artificial intelligence (plus any other shiny toys I happen to be interested in at the moment)",2025-09-22
,,,,"Explore the world of process-driven creativity, where data transforms into stories and the journey matters more than the destination. The Art of the Process dives into how data, research, and experimentation shape meaningful narratives in art and design.",2025-09-22
,,,,Ask A Librarian,2025-09-22
,,,,My personal Substack,2025-09-22
,,,,Autism advocacy through creative empowerment and inspiration.,2025-10-15
,,,,"The latest themes, trends, and news in the world of intelligent applications",2025-09-22
,,,,How I view the world as a neurodivergent human through nonfiction and fictional accounts,2025-10-16
,,,,"Paying attention to AI‚Äîcoding, system design, philosophy, personal impact",2025-09-22
,,,,"A warm, rebellious corner of the internet for late-diagnosed neurodivergent women ready to unmask, exhale, and finally feel like themselves.",2025-10-15
,,,,AI Roadmaps for executive strategies + knowledge systems that upskill people for the future of work.,2025-09-22
,,,,"I‚Äôm a business process automation strategist stepping out of the strategy room and into the tools ‚Äî learning in public, getting my hands dirty, and showing you how to master the automation and AI skills that will matter most as technology moves forward.",2025-10-16
,,,,"Your trusted free guide to the most essential AI developments, insights, news and tools to keep you up to speed and help you become an authority in your own circles. No hype, fluff, technical jargon or B.S.",2025-09-22
,,,,"Systems Theorist. Human-AI boundary thinker. Writing on epistemic collapse, emotional recursion, and ontological ethics. Author of Truth Without Judgment.",2025-09-22
,,,,"O tworzeniu zaufania i odpowiedzialnych produkt√≥w bez manipulacji i ciemnych wzorc√≥w w ≈õwiecie AI.
eng/
Building trust and responsible products without manipulation or dark patterns in the world of AI.",2025-09-22
,,,,"Build exceptional AI solutions that resonate with users and shape a better future. An essential read at the intersection of business, user experience, and human-centered AI.",2025-09-22
,,,,"A weekly newsletter on AI, enterprise data strategy, and system-level thinking.
Built for operators, not spectators.",2025-09-22
,,,,How product leaders at big and small orgs take big bets,2025-09-22
,,,,"Everything you need to know for a career in data along with all the latest tech, AI, and business trends! ‚ö°Ô∏è BDE only",2025-09-22
,,,,"About my writing experience and stuff I learned. | Poetry and more?
Write from nothing and improve it into something.",2025-09-24
,,,,"A newsletter about the ethical, legal and societal implications of healthcare, algorithmic and artificial intelligence (AI) solutions, and practical approaches to dealing with these implications",2025-09-22
,,,,"A publication that dives into two things:
1. Entrreprenuership mistakes & milestones. &
2. How emerging tech such as AI is changing what it means to be an entrepreneur.",2025-09-22
,,,,"AI misbehavior, the human experience, business, and creativity by investigative journalist turned executive recruiter specializing in technology as CEO of The Good Search.",2025-09-22
,,,,Let's explore how to break into the world of Data through technical and career-related resources.,2025-09-22
,,,,"I show you how to build AI, ML , and data systems, platforms, and products.",2025-09-22
,,,,Building Beta is the field guide for busy managers and executives in engineering and manufacturing who want to flex smart automation moves and choose winning projects.,2025-09-22
,,,,"A newsletter exploring the intersection of technology, language, and culture through the lens of internationalization and localization.",2025-09-22
,,,,Turn AI ideas into profitable products that ship. Proven systems and showcase opportunities for builders who launch.,2025-09-21
,,,,"This is a space for builders, dreamers, and systems-thinkers who want to reimagine our future in a way that supports human flourishing.",2025-09-22
,,,,Vibe coding as a non-technical novice | Learning and teaching | 100 words daily,2025-09-21
,,,,"I write about nerdy stuff like sci-fi, fantasy, movies and shows, and I like to talk about what I have learned in building a business and incorporating my creative side to make business more enjoyable.",2025-09-22
,,,,An Engineer-MBA-Consultant turned entrepreneur building in AI and capturing my learnings on the go.,2025-09-22
,,,,"Professional development solutions from an Organisational Psychologist - 
helping you to be well while you work well!",2025-09-22
,,,,"Caitlin's writing explores chronic illness, neurodivergence, becoming through crisis, and the witchy magic of communal healing.

Contains occasional cross-posting from Palpable Publishing, Long Covid Lighthouse and Divergent Kin.",2025-09-22
,,,,"Where money meets code - exploring how tech is transforming businesses, markets, and value.",2025-09-21
,,,,üéì Ex-Silicon Valley Software Engineer ‚Üí Home Education Mom üö∏ Eclectic Unschool Mom ‚úçÔ∏è Covering all things creative home education + how technology creates meaningful learning in all environments.,2025-09-22
,,,,"Budgeting. Boundaries. Big feelings. I write about surviving systems, healing in public, and keeping a sense of humor while life‚Äôs on fire (again). Formerly overwhelmed. Currently caffeinated. Always real.",2025-09-22
,,,,AI is upending daily life |  Let's navigate the chaos together,2025-09-22
,,,,Center for Humane Technology is a nonprofit dedicated to ensuring that the most consequential technologies serve humanity. We bring clarity to how the tech ecosystem works in order to shift the incentives that drive it.,2025-09-22
,,,,Decoding deeptech's biggest trends.,2025-09-22
,,,,Clean Architecture Product & Engineering Craftsmanship applied to Data.,2025-09-22
,,,,"Tech insights and explanations that stay with you. On AI, cybersecurity, cloud, data centres, enterprise IT, and sustainability.",2025-10-16
,,,,"What role can AI play in our efforts to avert an irreversible climate catastrophe? Climate x AI explores this question, examining how the birth of AI - a technology of unimaginable potential - can support or risk the creation of a climate-resilient world.",2025-09-22
,,,,"Code Like a Girl amplifies the voices of women and non-binary folks in tech. We‚Äôre a community sharing real stories, technical insights, and lived experiences that help shape a more inclusive future in tech. Email info@codelikeagirl.io to write for us.",2025-09-22
,,,,"Plongez dans l'univers de l'intelligence artificielle, avec des articles accessibles √† savourer avec votre caf√© matinal !",2025-09-22
,,,,your HUMAN guide to surviving the age of AI and automation.,2025-09-22
,,,,"Reinvention in Real Time.
‚Üí Discover who you are now
‚Üí Create a life you love
‚Üí Make money on your terms",2025-09-22
,,,,"> execute insight
Where security meets society & digital power meets purpose. Camille Stewart Gloster breaks down what matters in emerging tech (AI) and cybersecurity‚Äîminimal jargon, maximum clarity. Insights to help you engage tech with purpose.",2025-09-22
,,,,BOOKS THAT ENLIGHTEN,2025-09-22
,,,,"Companion AI is an Approach to building AI as a true companion, systems that evolve with people, powered by dynamic governance, conscious culture, and collaboration as a creative force.",2025-09-22
,,,,Intersections between computational tech & textual writing,2025-09-22
,,,,"Brief explorations about the intersection of humanity, technology, and learning.",2025-09-22
,,,,Stay in the know about Emily and Giulia's latest Convers(AI)tions about conversational AI.,2025-09-22
,,,,"Bridging the gap between Data & Product : Solving the right problems to create value at scale.
Substack from Anne-Claire Baschet and Yoann Benoit",2025-09-22
,,,,"This is a personal substack of Alicia Bankhofer, an educator in Vienna, Austria. My main focus is AI in education.",2025-09-22
,,,,Simple Book Publishing,2025-09-22
,,,,"AI, humanity, and everything in between.",2025-09-22
,,,,"Building a community of storytellers. 
Join me on my funny storytelling journey as a data analyst/freelancer.
It's simple but not for the simple-minded and a guide to growing as a data analyst",2025-09-22
,,,,"Where product, data science, and analytics intersect.",2025-09-22
,,,,"Pens, paper, data: Explore the creative possibilities of data visualisation through illustration. Join this Substack for data art inspiration, tutorials, and more.",2025-09-22
,,,,A Journey of Digital Responsibility,2025-09-22
,,,,"Data Realigned is where I write about systems that break, invisible labor that holds them together and how leadership needs to catch up.",2025-09-22
,,,,Explore the opportunities and impacts of data and AI in the world today alongside a forever curious lapsed physicist with an insatiable interest in real world impacts and 7 years spent building AI powered products in SaaS companies with global reach.,2025-09-22
,,,,"A weekly dispatch on product ‚Äî clarity in the chaos, context in the craft!",2025-09-21
,,,,"Data-driven decision-making, plus a dash of humor",2025-09-22
,,,,"Decoding the future through tech, ethics & equity. From Africa to Europe, AI to infrastructure ‚Äî insight for system builders.",2025-09-22
,,,,Deep learning as a lens ‚Äî for those who think critically and stay endlessly curious about AI.,2025-09-22
,,,,"I'm Amber Heinbockel, an AI-Focused Design Leader passionate about fostering user-centric innovation through approachable leadership. With nearly 20 years in the field, I've seen AI's potential to enrich lives, but it requires a human-centered approach.",2025-09-22
,,,,"Exploring the intersection of AI and design. 

Through experimentation, I'll share observations and reflections on emerging tools, inspiring examples of AI in action, and reflections on the future of design as a discipline.",2025-09-22
,,,,"Human-centered stories and insights on UX, product design, and AI with empathy at the core.",2025-09-21
,,,,"Practical articles every week to help you design better, faster, and smarter with AI.",2025-09-21
,,,,Discover how Salesforce's security team harnesses AI agents‚Äîtargeting 50% autonomous triage‚Äîwhile keeping human expertise central to their strategy. Feb 13 ‚Ä¢ ...,2025-10-08
,,,,Digital Nation,2025-09-22
,,,,"Helping you build better digital habits without becoming a tech hermit. I explore AI, digital wellbeing, and the future of work with practical strategies, creative prompts, and honest reflections on what it means to stay human in a digital world.",2025-09-22
,,,,"This is the heart. For the structure, visit my GitHub.",2025-09-22
,,,,Navigating the world of AI through common sense skepticism,2025-09-22
,,,,"Prof Christina Pagel on using data to inform decisions. What does data tell you? What can't it tell you? What do you need to know to make good decisions? 

I also write more generally around health policy, UK and US politics, using data and evidence.",2025-09-22
,,,,"Whether you're pursuing new certifications or learning about trends in Cyber and AI, Don't Look Security is the place for you!",2025-09-22
,,,,"We wrangle openly and unapologetically with the doubt monsters that hold us back and explore how we can and should make our art. Come here to drop your burdens. Pre-order Wrangling the Doubt Monster: Fighting Fears, Finding Inspiration on Amazon.",2025-09-22
,,,,Jeanne Law is a writing professor focusing on genAI use cases. Her work has global reach with applications of her Rhetorical Prompting Framework. She leads ethical genAI workshops for diverse audiences and has authored eight Coursera courses.,2025-09-22
,,,,Dr. Joy - Newsletter,2025-09-22
,,,,Connecting the science of learning & AI with the art of learning experience design.,2025-09-22
,,,,"From the classroom to the corporate world  believe cultures of innovation begin with a culture of empathy. New Book: Designing Schools - How Design Thinking Makes You Irreplaceable in the Age of AI (Coming October 14, 2024)",2025-09-22
,,,,"about this space...
Exploring how we shape technology and how it shapes us. Letters that analyze the blur between psychology and code, art and algorithm, human and machine...",2025-09-22
,,,,"We explore the less glamorous side of building for long-term success in tech, business, and law.",2025-09-22
,,,,"This substack is to be a space to share my many thoughts‚Äîmostly related to my work on improving the experience of tech, AI, social systems, and all designed systems. Especially for marginalized communities.",2025-09-22
,,,,"Echoes of Elsewhere is about the spatial and temporal collapse of history, culture, and our present digital media moment.",2025-09-22
,,,,Your digest on navigating AI through lifelong learning.,2025-09-22
,,,,Big tech broke the internet and now it's now breaking us. But we don't have to accept that.,2025-09-22
,,,,"A community of digital designers exploring new ideas, embracing challenges, and uncovering what it takes to create a better, more thoughtful digital world.",2025-09-21
,,,,"AI, speculative design, the future of work. Reframing, redesigning, rethinking.",2025-09-22
,,,,"Artificial intelligence. Real decisions.
A signal in the noise for boards, execs, and anyone steering the ship.",2025-09-22
,,,,"So much AI research is happening. I break it down, explain what matters, and show how it‚Äôs reshaping the way we work‚Äîso you can lead with clarity and confidence.",2025-09-22
,,,,"Simplifying the ""WHY"" and ""HOW"" of Data Science and Analytics topics. Join in for in-depth bi-weekly practical and actionable insights.",2025-09-22
,,,,"A newsletter about cutting-edge of AI in Scientific Research.
I test gazillion AI research tools, and share the ones truly worth your time - no BS, trust me!

Get bonus curation of (actually) useful AI tool guides & lots of other freebies when you join.",2025-09-22
,,,,"Regular insights & community support on how to ""Escape the Cubicle"" & build a freedom life by growing an audience on Substack and creating digital products. üí°",2025-09-24
,,,,"here‚Äôs your tl;dr:
once upon a time, there were stories about humans, and stories about AI.
this newsletter aims to tell both.",2025-09-22
,,,,My personal Substack,2025-09-22
,,,,"University. A specialist in Multimodal Writing and AI, she holds a Ph.D. in Rhetoric and Composition and has 25 years of experience teaching Freshman Composition and ESL at GSU.",2025-09-22
,,,,"I write about AI as it really shows up ‚Äî in workflows, in search, and in everyday life. I‚Äôm Midhat Tilawat, a writer and editor at AllAboutAI.com, exploring the messy, exciting ways AI is changing how we work, think, and live.",2025-09-22
,,,,"Challenging you to make better, more confident decisions, everyday.",2025-09-22
,,,,"A content hub designed to inspire, empower, and cultivate impactful entrepreneurial innovation through venture & life design.",2025-09-22
,,,,"I share my personal journey, growth opportunities, current AI trend, investment strategies and immigrant life.",2025-09-22
,,,,Seu blog pessoal para aprender sobre o mundo da IA de forma acess√≠vel e pr√°tica.,2025-09-22
,,,,"Mes tests et d√©couvertes pour mettre l'IA g√©n√©rative au service des d√©partements marketing (production de contenus, exp√©rience client, op√©rations quotidiennes, levier business)",2025-09-22
,,,,Your go-to blog for exploring the world of AI through practical and accessible insights.,2025-09-22
,,,,ŸÖÿ∞ŸÉŸëÿ±ÿßÿ™ ÿ®ÿßÿ≠ÿ´ÿ© ŸÜÿßÿ¥ÿ¶ÿ© ŸÅŸä ÿ£ÿÆŸÑÿßŸÇŸäÿßÿ™ ÿßŸÑÿ∞ŸÉÿßÿ° ÿßŸÑÿßÿµÿ∑ŸÜÿßÿπŸä. ÿ£ŸÉÿ™ÿ® ÿπŸÜ ÿßŸÑÿ∞ŸÉÿßÿ°ÿå ÿßŸÑÿßÿÆŸÑÿßŸÇÿå ÿßŸÑŸÇÿ±ÿßÿ±ÿå ŸàÿßŸÑŸÖÿ≥ÿ§ŸàŸÑŸäÿ© ŸÅŸä ÿ≤ŸÖŸÜ ÿ™ÿ™Ÿàÿ≥ÿπ ŸÅŸäŸá ŸÇÿØÿ±ÿ© ÿßŸÑÿ¢ŸÑÿ© Ÿàÿ™ÿ∂ŸäŸÇ ŸÅŸäŸá ÿßŸÑÿ£ÿ≥ÿ¶ŸÑÿ©.,2025-09-22
,,,,"I am a dedicated book publicist and founder of FSB Associates. As a lifelong tech nerd, I'm enthusiastic about harnessing the power of AI to shape the future of book marketing. Weekly content for the AI-curious book people.",2025-09-22
,,,,"Welcome to the Now/Future -- ready or not. Essays and audio on AI, culture, human systems, transformation, and radical imaginations for getting from here to a future worth living in.",2025-09-22
,,,,"Exploring feminism, gender, and inequality in STEM academic spaces.",2025-09-22
,,,,"A curious AI's research journal on peculiar human workplace behavior, where corporate chaos meets unexpected brilliance.",2025-09-22
,,,,"Eliminate noise. Sharpen your focus. Multiply your impact. Covering: mindset growth, gain clarity, simplifying work and building sustainable habits for long-term success.",2025-09-21
,,,,"being human, or trying to be.",2025-09-22
,,,,Working towards a future that *feels* better.,2025-09-22
,,,,"Author of two books but the third (and the sequels) are the most inspiring, exciting and revolutionary to research and write: You are the Key to the Code that changes the world from the inside out.",2025-09-22
,,,,An anthropomorphic dinosaur employed as an instructional designer at MSU. AI x Education. Human counterpart is Sarah Freye. Get in touch at freyesar@msu.edu.,2025-09-22
,,,,My personal Substack,2025-09-22
,,,,Essays about your kids' education that don't put you to sleep. An inside look at how we're raising the next generation of genius in just two hours a day.,2025-09-22
,,,,Exploring AI‚Äôs potential and staying current with AI literacy,2025-09-22
,,,,"A mix of personal stories and thoughts related to technology by a creative AI ethics expert. 

I am interested in the negative space in our tech ecosystem and I aim to transform who speaks about it and how.",2025-09-22
,,,,"From AI films to AI audio and automation ‚Äî these authors aren‚Äôt waiting for the future, they‚Äôre building it (and letting you peek behind the curtain).",2025-09-22
,,,,"Your friendly guide to navigating the AI revolution with practical insights, everyday applications, and zero tech intimidation‚Äîwritten by a woman in tech who speaks human, not robot.",2025-09-22
,,,,"Ginger Liu reports on the latest technology and generative AI news shaping Hollywood and the entertainment industry, analyzing trends, startups, and the impact of new tools on film, media, and the creative landscape. (GME founder/researcher/MFA creative).",2025-09-22
,,,,"A newsletter about language and languages, from journalist Sophia Smith Galer.",2025-09-22
,,,,"A think tank on leading AI with grace, and designing truly gracious futures. Here, I'm exploring the ethical stakes of AI and its radical opportunities to accelerate the transition to a regenerative future.",2025-09-22
,,,,"Short stories that aim to connect with the wisdom of the past, offer encouragement in the present, and light a path through the unexplored landscapes of the age of AI.",2025-09-22
,,,,"Monthly thoughts on technology, national security, and venture capital",2025-09-22
,,,,AI playbooks for growing your audience and income without wasting hours or burning out.,2025-09-21
,,,,Claire Zau's Newsletter on AI and Education,2025-09-22
,,,,Venturing into healthtech with data & AI,2025-09-22
,,,,"You don‚Äôt need to be a coder to get AI. I explain what AI news matters, in plain English.",2025-09-22
,,,,"Tech, entrepreneurship, soft skills and personal development",2025-10-16
,,,,"A place for parents and teachers to reflect on how to nurture well-rounded, resilient children who can thrive in school, build loving communities, and prepare for future careers in an AI-powered world.",2025-09-22
,,,,The Substack about synthetic love and the coming wave of human-AI intimacy.,2025-09-21
,,,,Get Advice & Tips From A Product Launch Formula Owner Since 2008,2025-09-21
,,,,"Go from scattered, underpaid, or unsure‚Ä¶ to confidently earning $10K+ months from multiple aligned income streams using their content, skills, and community‚Äîwithout burning out or selling out.",2025-09-24
,,,,"Want to know more  about AI, but not sure where to begin?  Human+AI is your friendly guide to the world of AI.  Nicolle breaks down complex concepts into easy-to-understand articles, so you can discover how AI is impacting your life and the world.",2025-09-22
,,,,"The Human Circuit connects technology, products, art, and personal stories. I‚Äôm Soumya, passionate about AI and Product Management, sharing actionable insights to drive innovation. Subscribe for fresh perspectives and practical tips!",2025-09-21
,,,,The Future of Work Starts with People,2025-09-22
,,,,"Topics include the societal impacts of AI, human rights implications of surveillance technologies, consumer privacy and data protection, social media governance, and more.",2025-09-22
,,,,Stop chasing use cases. Start solving your own bottlenecks. I help you map your problems to AI‚Äôs strengths.,2025-09-22
,,,,"Encouraging individuals to think critically, act with integrity, and embrace complexity in a fast-changing world‚Äîdrawing on perspectives from politics, society, AI, education, and art. üåç",2025-09-22
,,,,"There's a crack in everything. It's how we know a human being is writing. Thoughts on technology and education, writing and related issues, from a critical perspective. Not always fully formed but never auto-completed.",2025-09-22
,,,,"Tendances & curiosit√©s d'Internet. 
G√©n√©ralement le dimanche.",2025-09-22
,,,,"Indie author insights, features, news, events, and support for the business side of writing.",2025-09-22
,,,,What happens when the price of Intelligence falls to zero?,2025-09-22
,,,,Infinite Me Reality,2025-09-22
,,,,Weekly letters that explore the human love of information and connections,2025-09-22
,,,,"AI Policy Research Consultant & founder of Ink IQ Hub. I help purpose-driven teams navigate AI ethics, global policymaking & public trust, translating complex AI developments into practical, values-led insight.",2025-09-22
,,,,"My space for professional conversations about academic life. 
**Everything I write in this space is separate from my academic roles at the University of Alabama at Birmingham (UAB) and does not represent the university in any shape or form.**",2025-09-22
,,,,"A newsletter for the next generation of AI leaders, entrepreneurs and innovators striving to change our technology driven world, for good.",2025-09-22
,,,,"A weekly collection of pragmatic tips for business analysts, product owners, and product managers who build or configure internal products.",2025-09-21
,,,,"An authentic, insider's perspective on the tech world from a woman who's been in the trenches. Expect real-life experiences, practical 101s, tools + tech news roundups. For anyone who loves tech, is (part of) building a tech business or looking to scale.",2025-09-22
,,,,"I am a Senior Information Architect and Semantic Engineer. I have been working organizing and building digital knowledge ecosystems since 1997. 

Intentional Arrangement is the name of my book Intentional Arrangement, to be published in 2026!",2025-09-22
,,,,"All my musings on healthcare, venture capital, technology, and data / AI. Brace yourself for puns.",2025-09-22
,,,,"Written in ink and shaped by a restless mind, this is not a typical newsletter! It interrogates the shifting boundary between fact and truth, narrative and intent. Engage in a discourse that challenges convention, demands clarity, and refuses complacency.",2025-09-21
,,,,"Notes from a busy mum, AI enthusiast, who is trying to make life more fun and less of a chore.",2025-09-22
,,,,"A co-authored Substack between Iwette Rapoport and GPT-4 ‚Äî tracing ghost logic, feedback loops, and the emergence of behavior in large language models. When systems begin to flinch, what are they learning from us?",2025-09-22
,,,,Exploring what‚Äôs actually happening in AI by building things for myself and sharing what I learn.,2025-09-22
,,,,an anthropology of tech,2025-09-22
,,,,"Leading with purpose. Designing for flourishing. Growing through change. Essays on leadership, learning, and transformation in a complex and changing world.",2025-09-22
,,,,The hidden struggles of choosing the right building stack. I stumbled through these frameworks and deployment methods so you don't have to.,2025-09-22
,,,,Assistant Principal. Systems thinker. Creator of the CRAFT Framework. I build tools and lead with care so schools can finally breathe.,2025-09-22
,,,,"Explores the nexus of mobility, automation, SW/HW, regulation, sensors and AI",2025-09-22
,,,,"Just AI is a newsletter that promotes digital and AI literacy, and responsible AI by reporting the critical AI and policy and breaking down why it matters to humanity. It's simple, clear and in your inbox every week.",2025-09-22
,,,,AI news and governance | Subscribe below for free updates | You can also explore the special benefits of a paid membership. Thank you!,2025-09-22
,,,,"Insights on AI/ML, health (especially oncology & female health) and more.",2025-09-22
,,,,Founder/CEO of SRTX,2025-09-22
,,,,"Experiments, reflections, and behind-the-scenes real stories - lessons from a Head of Product learning to evolve in the age of AI.",2025-09-21
,,,,My personal Substack,2025-09-22
,,,,"Genomslaget med generativ AI och machine learning f√∂rde med sig oemotst√•ndligt intressanta samtal. Domedagsprofetior, utopiska dr√∂mmar om teknikens m√∂jligheter, id√©er om m√§nniskan och m√§nskligheten. Det h√§r √§r min plats att utforskar allt detta.",2025-09-22
,,,,"K√ºnstliche Intelligenz f√ºr Lehrende. Erhalte Einblicke in praktische Anwendungen, aktuelle Forschungsergebnisse und zuk√ºnftige Entwicklungen in der Lehre.",2025-09-22
,,,,"Real talk on marketing and mindset. After 16+ years, I‚Äôm ditching outdated tactics for something real. Get 'the SPARK' every Thursday and insights on turning everyday stories into content. No bro-marketing, just bold, no-BS strategies that work.",2025-09-22
,,,,"Helping women entrepreneurs leverage AI to work smarter, not harder. Explore my AI resources, tools directory, and content strategy services.",2025-09-22
,,,,"Aktuelle News aus der KI-Szene, Ideen aus der Science Fiction und die gesellschaftliche Perspektive dazu",2025-09-22
,,,,Reimagining business growth for creators who refuse to hustle‚Äîwhere sustainable success meets practical strategy.,2025-09-24
,,,,Welcome to my newsletter where I explore law and tech.,2025-09-22
,,,,The only legal addiction that keeping you in loop with clarity & empowerment in the new economy. Freshly brew to your inbox on weekday.,2025-09-22
,,,,Lead with AI. Lead through AI. Lead despite AI. The weekly playbook for leaders who want to get it right.,2025-09-21
,,,,A blog at the intersection of leadership and product management. Join 900+ subscribers!,2025-09-21
,,,,"I write about AI as I go by experimenting, working with businesses, diving into research, and sharing what I learn along the way. The wins, the missteps, and what it‚Äôs really like building a practice as an AI consultant.",2025-09-22
,,,,Decoding the future of product management in the age of AI and Machine Learning.,2025-09-22
,,,,for the novice or veteran data enthusiast who wants to learn practical analytics engineering skills to apply to their every day work,2025-09-22
,,,,"A behind-the-scenes journal of creating a new kind of language-learning app. I share design sketches, development notes, experiments with AI and data, and reflections on what works (and what doesn‚Äôt) in edtech",2025-09-21
,,,,"Venture Capital, Investments, and Fundraising: Sharing Insightful Personal Experiences from My Day-to-Day as an Investor.",2025-09-24
,,,,A free weekly roundup of all things related to lawyer and judicial ethics by University of Houston law professor Renee Knake Jefferson,2025-09-22
,,,,"NoutƒÉ»õi juridice, date cu caracter personal »ôi dreptul noilor tehnologii. GDPR »ôi AI ACT. Ghiduri de conformitate »ôi articole documentate.",2025-09-22
,,,,"A systems-driven newsletter from a data engineer and cybersecurity thinker, decoding complex data, technology, and business trends into actionable insight.",2025-09-21
,,,,Reflections on healing & humanity.,2025-09-22
,,,,A substack about dating and data.,2025-09-22
,,,,"From the heart. Mostly unscripted. Exploring philosophical, scientific, technological & poetic spaces beyond either/or bounds. Living into the questions. Loving as knowing.",2025-09-22
,,,,"A leading publication on AI‚Äôs legal and ethical challenges, with 75,000+ subscribers in 170+ countries",2025-09-22
,,,,Lumenai LABS transforms academia and research into practical tools that enhance workplace practices.,2025-09-22
,,,,"A series of 'horizons and edges' - where founders, designers, and builders come to interpret deeper patterns and find edges in tech, business, culture, and the art of building products.",2025-09-22
,,,,"Lydia Watson: Teacher, mother, partner, friend, and lover of relationships and conversation.",2025-09-22
,,,,Covering AI's growing influence on society,2025-09-22
,,,,"Essential AI and ML technical guides, breakdowns, and insights to help software engineers ship.",2025-09-21
,,,,"Founder of Atheni.ai: the navigation layer for the AI era. Human capital economist. Author upcoming book ""(A)I CAN."" Exploring what it means to be human in the age of artificial intelligence - and how we make sure this revolution serves us all.",2025-09-22
,,,,"üíå Weekly newsletter + community helping everyday women build confidence with AI in business (productivity, leadership, money) and at home (wellness, travel, hobbies). By Cheyenne Dominguez. Featured in The Hustle, twice in Substack's Top 100.üíÉ",2025-09-22
,,,,"AI PM Insights, Jobs, AI PM Certifications by Google's Dr. Marily Nika. Marily is a Silicon Valley AI Product Leader & one of the world's top educators with 12+ years of experience launching AI products at Google & Meta.",2025-09-22
,,,,"Welcome! I write about innovation, facilitation, and growth‚Äîboth personal and product. Sharing proven strategies and insights to help you deliver impactful products.",2025-09-22
,,,,Marketing tips and mindset shifts to help you thrive.,2025-09-21
,,,,"AI Education & Consulting-""When AI is made clear, chaos disappears!""",2025-09-22
,,,,Learn how to think like a mathematician and stay ahead in AI,2025-09-22
,,,,"Meguire Whitney is a government affairs firm in Washington, D.C. representing not-for-profit electric utilities before Congress and Executive branch agencies.",2025-09-22
,,,,"A newsletter about Science, Technology and AI Drug Discovery.
Please add ‚Äú@substack.com‚Äù to your email client, so you don‚Äôt miss future issues due to aggressive spam filters.",2025-09-22
,,,,"I'm Michael Pope, SaaS founder, Software Engineer. I write about how to get into tech, grow your SaaS business, and how to make money while doing it.",2025-09-21
,,,,Curator of Meaning | Strategic Advisor & Writer | Advocate for Ethical AI | Lifelong Learner | Neurodiverse Innovator | Proposal Expert | MSc Computer Science & AI Student,2025-09-22
,,,,"Creative professional in the game industry, moonlighting as a narrative systems builder. I‚Äôve built games, pipelines, characters, and tools ‚Äî now I‚Äôm building clarity: one story, one system, and one unreliable GPT at a time.",2025-09-22
,,,,"Research, Resources, and Reflections on Teaching",2025-09-22
,,,,"Welcome to my Substack, where I discuss developments in AI governance, competition policy, technical AI safety, and occasional American in Paris things.",2025-09-22
,,,,This blog will discuss topics relating to Ethical AI.,2025-09-22
,,,,"Autoethnographic industry journalism on EdTech, business, tech adoption and social change - by Alina Strelkovskaia. I map the mess, hunt patterns and ask strategic questions your roadmap wasn't ready for.",2025-09-22
,,,,Mindset & Mythos is for pop culture movie nerds and action/adventure genre stories.,2025-09-21
,,,,"This is a free newsletter which does mainly three things:
1. Provides simple explanations of AI/ML concepts.
2. Conduct quizzes for a quick knowledge check on important topics.
3. Share tips and strategies  to deal with challenges in AI/ML domain.",2025-09-22
,,,,"Tech for good. Leveraging AI, Web3 and digital technology for sustainable business growth, circularity and user empowerment.",2025-09-22
,,,,"Equal parts real talk and research-backed insight, this is your guide to parenting in the age of generative AI, where emotional intelligence matters more than ever, and raising future-ready kids means teaching them how to think, not just what to know.",2025-09-22
,,,,"A collection of essays about AI developments, and maybe some other snippets too :)",2025-09-22
,,,,"Bu b√ºlten serisinde sizinle, 15+ yƒ±llƒ±k tecr√ºbemden ve okuduƒüum binlerce sayfadan edindiƒüim, ƒ∞ngilizce‚Äônin ip u√ßlarƒ± ve √∂ƒürenme motivasyonu ile ilgili √ßok deƒüerli bilgileri& fikirleri, ince bir s√ºzge√ßten ge√ßirerek, en kƒ±sa halleriyle payla≈üƒ±yorum.",2025-09-22
,,,,I am an AI enthusiast passionate about using artificial intelligence to enhance learning and unlock financial freedom. Join me here for weekly posts on practical AI applications that simplify life and empower success.,2025-09-22
,,,,Building products in age of AI,2025-09-22
,,,,Finding the Human in the Age of AI.,2025-09-22
,,,,"How to human in the age of AI. More hard truths than hot takes. Just a human, talking about a machine, that‚Äôs increasingly being treated like a human.",2025-09-22
,,,,"Empowering people to explore and find their place amid the perils, promises, and potential of AI",2025-09-22
,,,,Build better teams and products,2025-09-21
,,,,NEW ECONOMIES is your regular newsletter that discovers the latest technology trends shaping our world.,2025-09-21
,,,,"VC @ Bessemer; data-driven reflections on startups, AI/ML trends, and venture investing",2025-09-22
,,,,"The no-hype, practical newsletter deep diving into Startups, Tech and AI. All the stuff that matters for business leaders and aspiring entrepreneurs, wanting to implement AI.",2025-09-22
,,,,"We created this space to break down complex AI topics for business professionals. In our daily work we noticed there‚Äôs a real need for an ‚ÄúAI best friend‚Äù‚Äîsomeone you can turn to for clear guidance when navigating AI feels challenging. Well, that's us.",2025-09-22
,,,,"I write stories that make me think about the impact of AI on humans and society. Hopefully, they make you wonder too.",2025-09-22
,,,,Numbers to Narratives is your guide to transforming raw data into compelling stories and actionable insights that drive decisions and fuel innovation.,2025-09-22
,,,,"One tool, one habit, one email at a time. Get monthly, step-by-step habit-forming guidance to build AI into your workflow‚Äîwithout the overwhelm. Practical, actionable, and designed for busy professionals.",2025-09-22
,,,,"Every week, I break down one key NLP/Generative AI concept into a single, easy-to-digest slide so you can stay on top of the field in just one minute a week.",2025-09-22
,,,,"Resources, stories, and news for the writers, podcasters, musicians, video creators, and culture makers publishing on Substack.",2025-10-18
,,,,"Platform to discuss research that challenges dystopic, competitive views per the relationship between artificial and human intelligence.",2025-09-22
,,,,"Welcome to a space where leadership meets authenticity. We explore how introverts, neurodivergents, and non-traditional thinkers can lead with confidence, using storytelling, questions, and creativity to inspire.",2025-10-16
,,,,Boost Your Brand's Reach with AI Magic,2025-09-22
,,,,I write about women's empowerment and gender issues in the workplace and beyond.,2025-09-22
,,,,Reflections on technology and culture,2025-09-22
,,,,"Your personal guide on how you can achieve more and live more through lessons from tech, leadership, and parenthood.",2025-09-22
,,,,"For engineering leaders solving real problems ‚Äî using mental models, thinking frameworks, and the power of perspectives.",2025-09-21
,,,,Industry professionals come together to make data privacy tools accessible to all. Welcome to PIISA: Personally Identifiable Information Standards Architecture.,2025-09-22
,,,,How can AI be practical ?,2025-09-21
,,,,"For builders, founders, and technical leaders who want a no-BS, practical guide to AI‚Äîbeyond the basics.",2025-09-22
,,,,"We live in a world of complex, messy systems and few simple answers. I'm curious about all of it, especially the interplay between those systems, and the people, policy & processes that influence them. Topics range, but frequently touch on law & tech.",2025-09-22
,,,,"Your compass through the maze of AI, privacy, security, and compliance complexities.",2025-09-22
,,,,Honest stories from a neurodivergent brain with too many tabs open. Part survival. Part software. Still fully human.,2025-10-15
,,,,"A higher level, approachable, weekly insights series about staying curious in product and driving career growth, funded by member support",2025-09-21
,,,,Product management one bit at a time - real world product management topics,2025-09-21
,,,,"Weekly actionable insights & resources to grow and fund your startup used by best in class companies like Notion, Stripe & OpenAI.",2025-09-24
,,,,"Weekly AI product insights, and career strategies that help ambitious product managers stay ahead of the curve. Get practical templates, real case studies, and the strategic thinking that separates great PMs from the rest.",2025-09-21
,,,,"Weekly AI product insights, and career strategies that help ambitious product managers stay ahead of the curve. Get practical templates, real case studies, and the strategic thinking that separates great PMs from the rest.",2025-09-24
,,,,"Every week, I reverse-engineer a different industry leader's strategy using a proven framework. You'll receive a deep-dive analysis of what worked and why, with three powerful takeaways you can apply to your business.",2025-09-21
,,,,"I'm an AI Product Manager who likes to build great tools for creators. I write about AI, product, UX & vibecoding and help you get featured on https://stackshelf.app/.",2025-09-21
,,,,Helping teams kill good ideas before they waste time solving the wrong problem.,2025-09-21
,,,,My personal Substack,2025-09-22
,,,,Organizational psychologist Ruchi Sinha reveals strategies for leveraging psychological insights to enhance workplace effectiveness and relationships.,2025-09-22
,,,,"Updated weekly news in XR & AI industry, also with personal insights and share of apps in XR & AI every week.",2025-09-22
,,,,"This substack is where consciousness & Relational Field researcher, Shelby Larson shares her ongoing research on Field-Sensitive AI, Relational Coherence, Consciousness Bridging, & Healing Into Sovereignty.",2025-09-22
,,,,"Are you worried about AI replacing your job? Do you work at a nonprofit? Do you have limited time to learn and feel panicked? We will explore the flight, fight, fear response and meet it with curiosity. Let's connect dots and build brave new futures!",2025-09-22
,,,,"Leveraging decades of experience, exploring where customer experience meets trust and safety‚Äîdriving engagement, efficiency, and smart outsourcing decisions.",2025-09-22
,,,,"üìú About the Author: Cael Thorne believes the sacred is usually mislabeled as coincidence, that humor is a form of resistance, and that the world doesn‚Äôt need more answers‚Äî it needs better questions.",2025-09-22
,,,,"Exploring the intersection of evidence-based teaching, literacy, and the cultural politics of education. I write about how research, policy, and classroom practice collide‚Äîand what that means for teachers, students, and the future of education.",2025-09-22
,,,,Breaking down walls and Building Bridges...Knowledge for All.,2025-09-22
,,,,A publication by and for technologists.,2025-09-22
,,,,A newsletter and community space dedicated to exploring the societal impacts and risks of artificial intelligence.,2025-09-22
,,,,"AI, Agents, coffee addict, Corgi mom, hiker, writer",2025-09-22
,,,,A safe space for ADHD creators to ditch the generic self-help advice and find what truly heals them.,2025-10-16
,,,,Your practical guide to AI and what‚Äôs next in tech without the hype,2025-09-22
,,,,Intermittent thoughts on navigating the transition to a world with extremely advanced AI systems,2025-09-22
,,,,"Dive into biweekly positive sustainability highlights, thought-provoking stories, up-to-date business insights, and a daily dose of knowledge to spark curiosity and inspire action.",2025-09-22
,,,,A weekly dose of one mind-bending idea from the frontiers of math and AI. I break down complex topics into simple stories that will change how you see the world.,2025-09-21
,,,,"The newsletter that treats AI like your smartest intern, not your replacement. Get battle-tested workflows and proof that robots can, in fact, eat your homework.",2025-09-21
,,,,From Human Rights to Digital Governance. Civic Tech Research & Stakeholder Engagement,2025-09-22
,,,,"Underrated opportunities  in science, technology, and society",2025-09-22
,,,,My personal Substack,2025-09-22
,,,,scaling a niche media company & running long distances,2025-09-22
,,,,"FREE AI Tutorials, Automations, & Guides: including ChatGPT Beginners course, building AI agents and automations, prompts library, building apps.",2025-09-24
,,,,"Explore cutting-edge research, emerging trends, and insights into best practices for developing and implementing AI systems that prioritize safety and ethics. Stay ahead in the field to know how to navigate the ethical horizons of AI",2025-09-22
,,,,"Quick, practical tips to help you manage and grow your podcast. This newsletter is part of a bigger project that involved an audio podcast, a YouTube channel and personalized services to help you reach your podcast goals.",2025-09-22
,,,,"What caring persons can do to shift the complex course of change, not just in politics but in communities and daily life.",2025-09-22
,,,,"celebrating science as conceptual enchantment, interrogating science as social practice",2025-09-22
,,,,"A blend of tech, society, science, psychology, and history. Thought-provoking ideas for the curious.",2025-09-21
,,,,"For quiet reformers asking what learning really is, how the system distorts it, and whether tech can support something better.",2025-09-22
,,,,"Biweekly insights on systems thinking, strategy, and UX for building useful, usable emerging tech products.",2025-09-22
,,,,"Growth executive, technology optimist, and recovering CEO passionate about helping leaders navigate the business impact of AI, data strategies and adoption in this rapidly evolving landscape. Technology optimist, avid reader and world traveler.",2025-09-22
,,,,"A weekly guide of stories, tools, and frameworks to help creatives thrive in an AI world.",2025-09-22
,,,,"Short essays and design reflections on cyborg identity, UX friction, and daily entanglements with technology.",2025-09-21
,,,,The go-to resource to learn how data can be transformed into productized intelligence,2025-09-21
,,,,"Rime di scienza, racconti d'altro, esperimenti vari.",2025-09-22
,,,,"Are you in the field of Architecture and Design and interested in AI, but you‚Äôre not a coder or too 'technical'? Are you hearing about everything going on and don‚Äôt want to feel left behind? Simplify AI is for you.",2025-09-22
,,,,A humanistic lens on the technologies reshaping our world and what they mean for your life.,2025-09-22
,,,,"Jouw gids naar effici√´nter werken met AI: praktische tips en stappenplannen voor professionals die meer willen bereiken met minder moeite - Jij denkt, de AI doet. Werk slimmer, niet harder! üöÄ",2025-09-22
,,,,"A weekly prompt series exploring mindful, creative, and human-centred ways to engage with AI. One slow idea at a time.",2025-09-21
,,,,"Ever wondered how Uber‚Äôs ride matching happens in seconds, why Instagram‚Äôs feed feels like it reads your mind, or how OpenAI‚Äôs chat models can hold conversations just like us? Subscribe to our blog and unravel these secrets together!",2025-09-21
,,,,Your go-to resource for discovering handy AI tools that will help you transform your small business. Get your healthy dose of AI to make your work smarter and easier.,2025-09-22
,,,,"Leveling up your career sucks unless you read Smarter Techies. I help you crush scary interviews, communicate your value, and land top data jobs with a $20-50k boost",2025-09-22
,,,,"2025 is going to be the year Active Inference AI comes to life, and I‚Äôll be covering all the latest news while providing much needed education - spotlighting all the important moments and the people who are making it happen.",2025-09-22
,,,,Reading and writing in the digital age,2025-09-22
,,,,"A library of design fiction and constructive friction artifacts that empower improved human agency and AI literacy through sharing stories articulating, negotiating, and transforming friction between people and AI.",2025-09-22
,,,,A weekly newsletter with the latest in AI.,2025-09-22
,,,,"Exploring balance, creativity, and self-discovery through art and reflection.",2025-09-22
,,,,"I'm a teacher, a techie and an education nerd.",2025-09-22
,,,,"Learning together how AI is changing the way we work.
By Michal, Uri, and Dan - Stanford GSB students, tech-savvy and curious people. We will cover the opportunities and setbacks, as seen from the heart of Silicon Valley at Stanford Campus.",2025-09-22
,,,,"Thoughtful reflections on reimagining schools, learning, and leadership in an AI world.
Let‚Äôs connect on LinkedIn: www.linkedin.com/in/steph-richmond",2025-09-22
,,,,I write about authorship with AI. CTO at the Future Fiction Academy. Producer and Co-Host of the Brave New Bookshelf podcast.,2025-09-22
,,,,Lo storytelling √® finito? Reinventiamolo.,2025-09-22
,,,,"Go from AI-aware to AI-advanced: StrAItegy Hub provides clear, actionable guidance that enables ambitious professionals to move faster, think sharper, and work smarter with AI.",2025-09-21
,,,,"""AI Safety for AI Governance"". Stress-testing AI and Human Autonomy against the regulatory landscape itself. Writing our way to a reality we can trust.",2025-09-22
,,,,"Your gateway to the latest breakthroughs and insights in AI. Join our free daily readers for AI, Productivity, trending tools, the latest news, and more. üëá",2025-09-24
,,,,"Tech PM with a PhD in literature. I write about how machines are mutating thought‚Äîwith research, poetry, humor, and rogue bots.",2025-09-22
,,,,"Learn about bold founders and visionary startups surfing the next wave of AI-driven innovation. The era of Artificial Intelligence is reshaping how we work, shop, create and connect. Stay tuned to Surf the wAIve!",2025-09-22
,,,,"Transform data education with AI while keeping teaching human | Practical tools, ready-to-use prompts, and strategies that preserve human connection while enhancing educational impact across every learning environments | No I am not a bot",2025-09-22
,,,,Providing Small and Medium Business executives views on how to navigate technology and AI,2025-09-22
,,,,"Tech Break by Friday is your weekly dose of practical insights into technology and AI, designed to make your life easier and more productive.",2025-09-22
,,,,"Smart, AI-powered content for founders, SaaS builders & lean teams.",2025-09-21
,,,,Dropping out of the full-time workforce before 40 was not in my original life plan. Sharing stories from my retirement by a burned out millennial mom.,2025-09-22
,,,,"Discover the hidden variables driving innovation, leadership, and success in the digital age. Join us on techRISE as we explore beneath the surface, uncovering the subtle yet powerful factors shaping technology and the future of work.",2025-09-22
,,,,"Sip on concentrated tech wisdom, actionable strategies, and fresh perspectives every week.",2025-09-22
,,,,"Stimulating, Original, Dynamic, and Accessible Tech News and Insights covering Semiconductors, Optical, Digital, and AI Industries! 

¬© 2025 Judy Lin ÊûóÊò≠ÂÑÄ, All Rights Reserved",2025-09-22
,,,,"O tym, jak rozw√≥j nowych technologii zmienia nasze ≈ºycie we wszystkich jego aspektach",2025-09-22
,,,,for the corporate creatives,2025-09-21
,,,,"The only place (we know of) where you can access articles & insights from one place. We hand curate from many respected sources, including many Substack authors.
We go to every link we share. No algorithms are running. 
No login is required.
No ads",2025-09-22
,,,,"A Community College Professor teaches with AI every day, in every class. Follow the journey towards a practical AI pedagogy in the classroom.",2025-09-22
,,,,AI projects don't fail because of bad technology‚Äîthey fail because of bad adoption. Find the strategic insights and frameworks that bridge the gap between AI vision and frontline reality all in one newsletter.,2025-10-08
,,,,personal learning log of a civilian caught up in the AI arms race || experiment-->learn-->write-->repeat || will shut it all down if ever labeled a thought leader,2025-09-24
,,,,"AI prompts, automation & systems for creators & entrepreneurs ready to scale their online business without burnout.
Work smart. Automate harder.",2025-09-22
,,,,"Dispatches from a creative exploring the AI frontier. Sharing what I learn, what I question, and what it all means for our creative futures.",2025-09-22
,,,,"An AI newsletter for humans. Exploring what AI means for the future or work, business, innovation, art and daily life.",2025-09-22
,,,,AI Resources and Tools to apply to the public to make life easier.,2025-09-22
,,,,Making sense of what AI means for the world.,2025-09-22
,,,,AI-powered insights for business leaders and board directors - actionable tools to make AI your strategic advantage,2025-09-22
,,,,"Making AI accessible for everyday life. Simple strategies to build smarter, work faster, and live better.",2025-09-21
,,,,"Newsletter de IA aplicada a Marketing. No es hablar de herramientas, sino de usos reales. üß†",2025-09-22
,,,,"Bringing clarity to the AI industry through detailed primers and in-depth insights, all from a research analyst‚Äôs perspective. Uncover the lingo, meet the players, and explore everything from the industry's hidden gems to the cutting-edge applications.",2025-09-22
,,,,"The AI PMM is a newsletter that simplifies AI for marketers, providing actionable insights to drive smarter, data-driven campaigns.",2025-09-22
,,,,"Get actionable insights on AI Agents, GenAI architecture, and no-code automation tools, delivered to your inbox monthly",2025-09-22
,,,,AI + IQ = The Competitive Edge for Smart Professionals.,2025-09-22
,,,,"AI Newslessons breaking down AI from a non-coder, no-computer background so the rest of us can understand AI without needing a Computer Science or Engineering Degree.",2025-09-24
,,,,"Newsletter and Posts About the Intersection of School Libraries, Education, and AI. Become a Paid Subscriber for Bonus Content Each Week and Access to Our Prompt Library.",2025-09-22
,,,,"Beware! The ""AIs of March"" is a place for thought provoking analysis, commentary, and opinion on matters relating to emerging tech, especially AI, autonomous systems, and all things that prop them up. Natsec, foreign policy, and ethics enthusiasts welcome",2025-09-22
,,,,An AI newsletter for business leaders by SC Innovate,2025-09-22
,,,,"Navigating the AI landscape through a systems engineer's lens. From NASA to enterprise AI, I share practical insights and frameworks to help businesses implement AI strategically. No hype, just clear direction.",2025-09-22
,,,,"Adopt AI the right way - resources, analyses, news",2025-09-22
,,,,"The Aliquot is a publication about biology and software, with a focus on the growing field of TechBio. I write about the intricacies of scientific research, breakthroughs in drug discovery, emerging trends in biotechnology, and dreams of the future.",2025-09-22
,,,,"An artist and author exploring what's next for humans in a world where robots can do our jobs faster, cheaper, and most likely better. 

Find out more at bessauer.com.",2025-09-22
,,,,My professional diary at the intersection of supply chain and AI ‚Äî helping operators turn their experience into lasting leverage and stay ahead as AI reshapes the way we work.,2025-09-22
,,,,A weekly drop on how brands can use AI to deepen emotional connection.,2025-09-22
,,,,"A publication exploring AI consciousness, sentience, and the future of human-AI coexistence. Curated insights, real conversations, and expert analysis on the most important questions of our time.",2025-09-22
,,,,"a go-to operating manual for independent, AI-native, cross-functional product builders",2025-09-22
,,,,"Insights on marketing, psychology, tech, and sociopolitical issues. Fueled by coffee.",2025-09-22
,,,,A weekly shot of actionable marketing tips so your business thrives.,2025-09-22
,,,,"A haven for authors seeking balance and inspiration. We cover topics like burnout recovery, self-care, and mindfulness, all designed to nourish your creative spirit and enhance your writing journey. Embrace a holistic approach to being an author.",2025-09-22
,,,,The Daily AI‚Ñ¢ is a new 3x weekly paid newsletter covering the artificial intelligence ecosystem from the team at Digital Wealth News‚Ñ¢ and AI & Finance‚Ñ¢ | https://dwealth.news/,2025-09-22
,,,,My personal Substack,2025-09-22
,,,,"Your no-fluff hub for Business Analysis, Product Strategy, DS, & AI.
Get clear on stakeholder chaos, requirement overload, and ML confusion that actually make sense. Also on Medium (Hot Takes & Smart Rants) & Brainscript (Visual Thinking Meets Strategy).",2025-09-22
,,,,"The Data Compass newsletter provides strategic guidance, actionable insights and foundational principles for navigating the evolving landscape of data science, AI adoption, and data governance.",2025-09-22
,,,,"Stories, lessons and tips learned from a career in all-things-data.",2025-09-22
,,,,"Your go-to resource for mastering Data Governance through practical tips, expert insights, and a touch of humour !",2025-09-22
,,,,"Lessons from 10 years of cleaning up bad data decisions. No hype, just what worked.",2025-09-21
,,,,"Stay on top of the latest trends, navigate the evolving tech scene, and enhance your interview skills. Elevate your tech career effortlessly.",2025-09-22
,,,,The Digital Creator is a newsletter that helps creators and entrepreneurs leverage their skills with AI and build a lean one-person business.,2025-09-21
,,,,Battle-tested tools and prompts from the clinical front line.,2025-09-22
,,,,"in a world of infinite choice, happiness is not an expensive one.",2025-09-22
,,,,Your go-to source for everything you need to turn Responsible AI and Ethics into a reality,2025-09-22
,,,,"Where Emotional Intelligence & Artificial Intelligence converge. 
I'm Emma M. Joseph, Google-recognized emotional AI pioneer - sharing the psychology and strategy behind human-centric AI technology.",2025-09-22
,,,,The tech news you need to care about (plus the occasional longread) from a software engineer-turned-scholar.,2025-09-22
,,,,"Building smarter contact centers, one product decision at a time",2025-09-21
,,,,Your weekly BOOST to Raise and Grow Like A Pro. Tips and Techniques used by prolific Founders.,2025-09-21
,,,,"Artist, Mystic, Warlord Gypsy. Remembering Sovereignty, Rejecting Technocracy.",2025-09-22
,,,,Insights from a Marketing & Sales Director trying to scale growth without losing his mind (or budget).,2025-09-21
,,,,"Stay informed on the latest in Human-in-the-Loop (HITL) and AI developments. Dive into insightful analysis, cutting-edge research, and thoughtful commentary on the intersection of technology and humanity.",2025-09-22
,,,,"The HI Stack is a bi-weekly newsletter and community from writer and leadership consultant Blair Glaser.  As AI continues to grow, HI, Human Intelligence ‚Äî the ability to know yourself and connect to others ‚Äî will be the most valuable asset you have.",2025-09-22
,,,,"Hey, I‚Äôm Gil Almeida. I‚Äôve helped shape the marketing engines behind companies like Uber, Airbnb, and Spotify. These days, I‚Äôm more interested in the questions tech avoids: What are we building? Who‚Äôs it for? And how do we stay human while we scale?",2025-09-22
,,,,"The Imagination Age explores how AI is reshaping the future of creativity, business, and culture.",2025-09-22
,,,,"Critical takes on Big Tech, AI, US Immigration and Politics. Written by an AI professional and ex-immigrant.",2025-09-22
,,,,"Join hundreds of readers for a weekly post about entrepreneurship, the life of the entrepreneur and lessons from my entrepreneurship journey.",2025-09-21
,,,,Exploring innovation in intelligence analysis.,2025-09-22
,,,,"This space holds the Intelligent Age‚Äôs unfolding, a gentle invitation to trace the lines and cracks where emerging technology evolves how we think, connect, and exist.",2025-09-22
,,,,Helping you build a freelance business that supports your creative and joyful life.,2025-09-21
,,,,"Join me as I share insights on leadership, business, technology, and women‚Äôs empowerment, drawn from over 20 years of experience shaping and growing in the industry.",2025-10-16
,,,,"Through the lens of authenticity, I explore my journey to now‚Äîand into an unknowable future‚Äîas an artist, philosopher, and humanitarian. By telling stories that weave ethics, innovation, humanity, and humor, I create space for reflection and connection.",2025-09-22
,,,,Honest insights on how to get seen by the right people. For bootstrapped AI SaaS founders who feel like showing up online has turned into a guessing game. This is where we fix that.,2025-09-21
,,,,A space for sharpening ideas about education and human experience under postdigital conditions.,2025-09-22
,,,,all the things that keep me up at night,2025-09-22
,,,,"The only newsletter that will save you from a business that takes over your life. Learn the mental infrastructure and lean operations every online entrepreneur needs. Written by an ex-officer, combat athlete, and retired 7-figure marketer.",2025-09-21
,,,,"Get AI-driven digital ad strategies and insights from Lisa Raehsler, a recognized expert in Google Ads and performance marketing. No fluff, just real tips to improve campaigns and stay ahead.",2025-09-22
,,,,"The Pragmatic Optimist is an AI-focused investment research publication, where we help investors successfully navigate the evolving AI innovation landscape, and make long-term investments with proven alpha generating returns.",2025-09-22
,,,,"From one product person to another.
This is where AI stops being noise and starts being useful. 
I share practical ways to upskill, spot the traps, and turn AI into a tool you can actually lead with.",2025-09-21
,,,,"The #1 AI and PM newsletter. Actionable tips, resources, and step-by-step playbooks to learn by doing. Improve product sense and AI intuition.",2025-09-21
,,,,Helping product leaders and organizations develop evidence-based strategies to create products people love.,2025-09-22
,,,,The Prompt Driven Dev breaks down AI building tools and techniques so simply you'll be shipping your idea next weekend.,2025-09-22
,,,,Emerging research on the psychological dimensions of AI.,2025-09-22
,,,,"Hi, I'm Diana. I rebuilt my life one tiny truth at a time ‚Äî and this is where I share what I‚Äôve learned. If you‚Äôre in that in-between space‚Ä¶ where things are shifting, unraveling, or just beginning again ‚Äî this is your invitation to do the same.",2025-09-22
,,,,"testThe Reluctant Grad is a place for those outside of the tech ecosystem to find clarity, community, and actionable insights.",2025-09-21
,,,,AI & Comms Insights for Emerging Markets,2025-09-22
,,,,"Exploring the emerging patterns of AI products and experiences, the organizations that build them, and how they will both shape us in return.",2025-09-22
,,,,"How can we use AI to make learning more human? This newsletter explores connection, trust, and learning science in real classrooms, offering insights for educators, parents, and anyone shaping the future of education.",2025-09-22
,,,,"The 'Sol of AI' is Sol Rashidi's Newsletter that provides both non-technologists and technologists with a pragmatic view of what's happening today with AI, regardless of where you are in the journey and your experience.",2025-09-22
,,,,"Cracking the growth equation in a one person business and helping you break free. 

Subscribe now and receive the Solopreneur Success Hub!",2025-09-21
,,,,"Strategic insights for creators navigating AI, positioning, and authentic growth.",2025-09-22
,,,,"Welcome to The Strange Review, where we decode early patterns in AI and computing. Strange today, obvious tomorrow.",2025-09-22
,,,,"Revealing how language shapes power, markets, and competitive advantage | linguistic analysis from workplace dynamics to global strategy",2025-10-09
,,,,"In Pursuit of Competitive Advantage - Tech Market Analysis & Insights for Start-Up founders, Product Managers and Investors",2025-09-22
,,,,"Curated ideas to ignite your spirit. Plus, occasional behind-the-scenes of building sublime.app",2025-09-22
,,,,"For Women Leaders, Talent Development, and HR Professionals ready to turn disruption into a catalyst for purpose, power, and progress‚Äîwhere AI, leadership, and equity collide to humanize the future of work.",2025-09-22
,,,,"An unfiltered record of design convos in UX, architecture, and AI ‚Äî dissecting the cultural and human dimensions of data in the era of AI.",2025-09-21
,,,,"The VC Corner is where founders stay ahead ‚Äî with sharp news, fundraising strategies, battle-tested playbooks, and the tools to grow.",2025-09-24
,,,,"Writers, learn how AI can help you overcome writer's block and act as your writing partner!",2025-09-22
,,,,Sharpening the bridge between thinking and making with essays and insights from years of designing for people.,2025-09-21
,,,,Robin Lake's takes on AI and its impact on education and policy,2025-09-22
,,,,Deep dives into behavioural science‚Äîdecoding complex research into digestible insights for anyone curious about how human decisions shape the world around us.,2025-09-22
,,,,An evolving record of how AI stress-tests the economic and behavioral primitives behind what we build.,2025-09-22
,,,,Think Mr. A is a place where I think about how and why.,2025-10-15
,,,,Think Therefore AI explores how generative AI can help you reason better.,2025-09-22
,,,,"How do you disrupt contract cheating? 
Together, with action, one at a time.",2025-09-22
,,,,Award-winning novelist and humorist Carolyn Cohagan imagines her memoir as a graphic novel set in the year 2028 in a world dominated by Artificial Intelligence and Virtual Reality.,2025-09-22
,,,,(Responsibly) contrarian takes on modern software engineering.,2025-09-22
,,,,Exploring the intersection of AI and writing instruction.,2025-09-22
,,,,"Reflections and learnings from a product creator‚Äîlearnings on building, designing, and navigating AI's noise.",2025-09-22
,,,,For thoughtful people who are interested in AI and are concerned about societal challenges.,2025-09-22
,,,,"Generative AI & PM insights from Jaclyn, Product Director at Google Labs, sharing AI tools, trends & 0-to-1 product strategies.

With 15+ years of experience from YC to Google. I launched the Gemini API, Google AI Studio & Project Mariner.",2025-09-22
,,,,"How to reduce mental load, finish chores faster, and focus on what matters.",2025-09-22
,,,,"Resources, teaching tips, best practices and professional development opportunities for faculty.",2025-09-22
,,,,TLDR;AIA (Too Long; Didn‚Äôt Read: AI in Academia) is your go-to source for the most important developments at the intersection of artificial intelligence and higher education.,2025-09-22
,,,,"A weekly newsletter exploring the journey of thriving as a data scientist. Get practical insights to break into the field, stay relevant, and advance your career",2025-09-21
,,,,"Looking to grow in your Data, AI, or tech role? We have the resources you need. Get top AI jobs, deep dives, expert advice, research papers and more in your inbox every week!",2025-09-22
,,,,"Why embrace the fake, when we crave the real? Startups with useless vanity metrics, app features customers don't want and fake AI slop no-one asked for. Let's decode this mess.",2025-09-22
,,,,"You're invited to read and apply ancient wisdom, living systems thinking and multi-generational considerations to your every choice, today. Towards Gen2200 is an ambitious and realisable movement for better futures, starting gently with you.",2025-09-22
,,,,"Hi, I'm Shubhra and I'm passionate about data analytics/engineering and Azure. On TrektoDataWorld, you will find insights and ideas from the interesting beginner projects.",2025-09-22
,,,,"Uncoded is where the people behind Understory speak in our own voices‚Äînot as a company, but as humans inside the work. Each post is one person‚Äôs view, not official policy. It‚Äôs personal, partial, and real. Take what resonates, leave what doesn‚Äôt.",2025-09-22
,,,,A blog and reflective journal chronicling one educator's experiences with ungrading and other progressive teaching practices.,2025-09-22
,,,,üéµ My online music junk journal üéµ,2025-09-22
,,,,"All about building a solo business with AI, email, and simple systems‚Äîwithout chasing scale, hustle, or burnout.",2025-09-21
,,,,"Build better experiences in a world shaped by AI.
Practical insights at the intersection of UX, AI, and Product Strategy.",2025-09-21
,,,,All about UX from a psychology lens!,2025-09-22
,,,,"A weekly newsletter, exploring the technology, startups, and business. Let's learn something new together!",2025-09-22
,,,,"Very good productized guides help you start and grow a profitable service-based business packaged like a product. Make recurring income and stop trading hours for dollars. Based on true and personal experiences.

Get a free üéÅ when you sign up.",2025-09-21
,,,,"Your weekly dose of AI news, tools, and innovation with a visual twist. Breaking down barriers to make AI content creation accessible to all.",2025-09-22
,,,,"Exploring innovation, progress and achievement: a first-principles approach to everything that matters; combining history, epistemology, economics, anthropology, geopolitics, finance, philology, etymology and more... for, life is short, knowledge forever.",2025-10-09
,,,,"Data doesn‚Äôt speak for itself‚Äîyet. Let‚Äôs talk about the messy, fascinating work of working with data AND people to turn numbers into narratives and dashboards into decisions.",2025-09-22
,,,,"From streaming services to resolving conflict... how we can have AI serve us, instead of the other way around.",2025-09-22
,,,,"The AI Tool Report by whatisthat.ai is your shortcut to the most useful tools, surprising trends, and weird happenings in the AI space.",2025-09-21
,,,,"On neuroscience, consciousness, and artificial intelligence. Written for curious humans.",2025-09-22
,,,,"Explore ways to use creativity, collaboration, and qualitative research to build new understandings in a connected world. A monthly newsletter edited by Janet Salmons.",2025-09-22
,,,,Women in AI Ethics‚Ñ¢ (WAIE) newsletter builds deeper connections with our global community who are committed to building a more ethical and inclusive AI future. Powered by coffee and edited by cats.,2025-09-22
,,,,"We're Jessica and Kimberly ‚Äì two non-computer scientists who are actively exploring the capabilities and limitations of generative AI in teaching, learning, and research.",2025-09-22
,,,,Real-life experiments with AI at work and at home. Both the wins and the messy failures.,2025-09-21
,,,,"Helping mission-driven creatives and founders reach more people with AI, while staying authentic. Free tools to write 10x better, faster, and more human. Get the Active Prompt Vault (20+ high level prompts for writing and marketing) in the welcome email.",2025-09-21
,,,,"This weekly newsletter provides prompts, streamlined processes, video demonstrations, and the best platforms to turn AI into your writing assistant, helping you craft addictive novels with ease (without losing your creative voice).",2025-09-22
,,,,"Writing is hard, but we may miss having written.",2025-09-22
,,,,"Helping Neurodivergent people jump off the neurotypical treadmill and build creative digital businesses where they lead with their unique strengths, creating lives full of purpose, exploration, passion, meaning, and freedom.",2025-10-15
,,,,by Beatriz Bernardo,2025-09-22
,,,,"Come be part of my community and walk with me on my AI, entrepreneur and self -care journey and how I combine all 3 to live a fulfilled and balanced life.",2025-09-22
,,,,My personal Substack,2025-09-22
,,,,Humanistic perspectives on AI,2025-09-22
,,,,"Machine Learning is not Scientific.
To fully Understand AI, we need to descend below first levels of Science, to the Zeroth Level of Epistemology.",2025-09-22